n_links,cond_id,vol_err_pct,ang_err,seed,gt_density_L1,gt_density_L2,gt_density_L3,gt_density_L4,gt_density_L5,gt_density_L6,est_density_L1,est_density_L2,est_density_L3,est_density_L4,est_density_L5,est_density_L6,err_pct_L1,err_pct_L2,err_pct_L3,err_pct_L4,err_pct_L5,err_pct_L6,mean_err_pct,mean_mass_err_pct,base_static_err_med,base_static_sd_med,base_dyn_err_med,base_dyn_sd_med,n_configs,n_measurements,final_uncertainty,converged,grasp_point,wall_time_sec
2,C0,1.0,1%rel(min0.5deg),0,5200.0,700.0,,,,,4862.4,953.6,,,,,6.493,36.235,,,,,21.364060882571785,17.68742070535572,0.013168515327274984,0.003297702128664367,0.3073902516878222,0.36639213891294264,3,12,0.3297702128664367,True,link0 proximal end (sensor at AFT200 puck),333.983083486557
2,C0,1.0,1%rel(min0.5deg),1,5200.0,700.0,,,,,4907.9,1175.5,,,,,5.618,67.935,,,,,36.77664902653171,27.566489749665003,0.047991422874049734,0.003195561570619433,0.6990232096736813,1.008393187492395,3,12,0.3195561570619433,True,link0 proximal end (sensor at AFT200 puck),422.09433221817017
2,C0,1.0,1%rel(min0.5deg),2,5200.0,700.0,,,,,4682.1,1122.7,,,,,9.959,60.387,,,,,35.173255265117035,29.03321075100343,0.03878357686053479,0.004269312515453538,0.15459706147380015,0.6174122384498177,3,12,0.42693125154535383,True,link0 proximal end (sensor at AFT200 puck),436.56840419769287
2,C0,1.0,1%rel(min0.5deg),3,5200.0,700.0,,,,,4886.1,1053.8,,,,,6.037,50.542,,,,,28.289227035452345,21.77183464029919,0.0106029879798716,0.005125357542776745,0.19968705859024566,0.5369569327074539,3,12,0.5125357542776745,True,link0 proximal end (sensor at AFT200 puck),444.51249527931213
2,C0,1.0,1%rel(min0.5deg),4,5200.0,700.0,,,,,4769.0,1000.7,,,,,8.288,42.963,,,,,25.62535777836955,19.72396669185943,0.028561763318106455,0.006205977218391171,0.19047952701093532,0.423773486552248,3,12,0.6205977218391171,True,link0 proximal end (sensor at AFT200 puck),195.10023474693298
2,C1,5.0,1%rel(min0.5deg),0,5200.0,700.0,,,,,4677.1,917.3,,,,,10.055,31.045,,,,,20.550191896569046,17.68742070535572,0.013168515327274984,0.003297702128664367,0.3073902516878222,0.36639213891294264,3,12,0.3297702128664367,True,link0 proximal end (sensor at AFT200 puck),332.89762783050537
2,C1,5.0,1%rel(min0.5deg),1,5200.0,700.0,,,,,5180.9,1032.5,,,,,0.368,47.500,,,,,23.933963966278895,21.818241984543686,0.048952193288142445,0.003611922922019118,0.5662860770960925,1.0716618361294452,3,12,0.3611922922019118,True,link0 proximal end (sensor at AFT200 puck),234.76404333114624
2,C1,5.0,1%rel(min0.5deg),2,5200.0,700.0,,,,,4893.1,1065.4,,,,,5.903,52.206,,,,,29.054446726762855,28.079187913842368,0.04066144490046939,0.004220030772404172,0.18840794814832817,0.6152973208921861,3,12,0.42200307724041725,True,link0 proximal end (sensor at AFT200 puck),450.0444622039795
2,C1,5.0,1%rel(min0.5deg),3,5200.0,700.0,,,,,5091.8,1098.2,,,,,2.080,56.880,,,,,29.48035238431349,21.77183464029919,0.0106029879798716,0.005125357542776745,0.19968705859024566,0.5369569327074539,3,12,0.5125357542776745,True,link0 proximal end (sensor at AFT200 puck),430.8333659172058
2,C1,5.0,1%rel(min0.5deg),4,5200.0,700.0,,,,,4590.7,960.1,,,,,11.718,37.158,,,,,24.437856418099965,19.55438458950011,0.02823618269113365,0.006461080927497238,0.13825972727038502,0.419934340811585,3,12,0.6461080927497238,True,link0 proximal end (sensor at AFT200 puck),284.3501081466675
2,C2,1.0,5%rel(min0.5deg),0,5200.0,700.0,,,,,4862.5,952.6,,,,,6.490,36.082,,,,,21.286235058103635,17.624827285367445,0.02105805904467315,0.0032522883538662934,0.367067751518165,0.35844122253153765,3,12,0.32522883538662933,True,link0 proximal end (sensor at AFT200 puck),378.2212178707123
2,C2,1.0,5%rel(min0.5deg),1,5200.0,700.0,,,,,5105.1,856.0,,,,,1.824,22.288,,,,,12.056044093281885,9.604873803990044,0.04602407449164253,0.003517289003476142,0.7030688286278953,1.0385739272676326,3,12,0.35172890034761417,True,link0 proximal end (sensor at AFT200 puck),317.9974503517151
2,C2,1.0,5%rel(min0.5deg),2,5200.0,700.0,,,,,4722.5,1079.8,,,,,9.182,54.258,,,,,31.719858500738248,26.29130546389944,0.04364808339665108,0.004103669412921835,0.13182184077912434,0.6141070498885296,3,12,0.4103669412921835,True,link0 proximal end (sensor at AFT200 puck),369.27238297462463
2,C2,1.0,5%rel(min0.5deg),3,5200.0,700.0,,,,,4923.2,1015.3,,,,,5.323,45.042,,,,,25.182665277080897,19.38852407813159,0.013636648178116348,0.00460609768239135,0.34536672596076884,0.5222151193583751,3,12,0.460609768239135,True,link0 proximal end (sensor at AFT200 puck),314.3279037475586
2,C2,1.0,5%rel(min0.5deg),4,5200.0,700.0,,,,,4752.4,1015.2,,,,,8.608,45.031,,,,,26.819702563880025,20.640489113761042,0.02670962690917544,0.006025321114445594,0.1705565166392528,0.4239180845880004,3,12,0.6025321114445594,True,link0 proximal end (sensor at AFT200 puck),281.9704942703247
2,C3,5.0,5%rel(min0.5deg),0,5200.0,700.0,,,,,4677.3,916.3,,,,,10.053,30.898,,,,,20.475330865413962,17.624827285367445,0.02105805904467315,0.0032522883538662934,0.367067751518165,0.35844122253153765,3,12,0.32522883538662933,True,link0 proximal end (sensor at AFT200 puck),351.9164593219757
2,C3,5.0,5%rel(min0.5deg),1,5200.0,700.0,,,,,5150.5,1079.5,,,,,0.951,54.213,,,,,27.582178945102136,24.554369728249046,0.04665639069688954,0.0036995868039471527,0.23358055244958786,1.1367450331152888,3,12,0.36995868039471524,True,link0 proximal end (sensor at AFT200 puck),339.12519454956055
2,C3,5.0,5%rel(min0.5deg),2,5200.0,700.0,,,,,4864.4,1090.9,,,,,6.454,55.849,,,,,31.151280623836954,29.79720484554601,0.040394888102173135,0.004230986730029224,0.18760401587132267,0.61606744102256,3,12,0.42309867300292237,True,link0 proximal end (sensor at AFT200 puck),416.9130024909973
2,C3,5.0,5%rel(min0.5deg),3,5200.0,700.0,,,,,5130.5,1058.0,,,,,1.336,51.150,,,,,26.24298802558957,19.38852407813159,0.013636648178116348,0.00460609768239135,0.34536672596076884,0.5222151193583751,3,12,0.460609768239135,True,link0 proximal end (sensor at AFT200 puck),275.97499442100525
2,C3,5.0,5%rel(min0.5deg),4,5200.0,700.0,,,,,4560.5,986.0,,,,,12.298,40.852,,,,,26.575343705141062,21.260682975276364,0.026357104371436946,0.006250508720897727,0.1822010539536227,0.42397018952397375,3,12,0.6250508720897727,True,link0 proximal end (sensor at AFT200 puck),241.37197422981262
3,C0,1.0,1%rel(min0.5deg),0,5200.0,1907.9,700.0,,,,4477.3,2367.0,691.7,,,,13.897,24.061,1.181,,,,13.046307063380153,12.092225143548442,0.025769823286887743,0.003062224201370347,0.2612541781492944,0.4792582502938133,4,16,0.3062224201370347,True,link0 proximal end (sensor at AFT200 puck),570.0803208351135
3,C0,1.0,1%rel(min0.5deg),1,5200.0,1907.9,700.0,,,,4804.8,2370.9,694.9,,,,7.601,24.267,0.722,,,,10.863271854821194,8.914012730010489,0.027446881751318878,0.0038335909968298778,0.17221061722585956,0.4640721981632347,4,16,0.38335909968298776,True,link0 proximal end (sensor at AFT200 puck),572.7074356079102
3,C0,1.0,1%rel(min0.5deg),2,5200.0,1907.9,700.0,,,,4978.5,2271.1,694.8,,,,4.260,19.034,0.750,,,,8.014830890448188,7.543402408951974,0.00987685604132335,0.003186618429630083,0.2291703648036037,0.6098589106183834,4,16,0.31866184296300826,True,link0 proximal end (sensor at AFT200 puck),442.6025609970093
3,C0,1.0,1%rel(min0.5deg),3,5200.0,1907.9,700.0,,,,5153.6,1516.2,1080.1,,,,0.892,20.531,54.305,,,,25.242457471217573,20.875122505933543,0.020416974008258114,0.0036536350352539045,0.24730573473859482,0.590401792361148,4,16,0.36536350352539043,True,link0 proximal end (sensor at AFT200 puck),585.8620090484619
3,C0,1.0,1%rel(min0.5deg),4,5200.0,1907.9,700.0,,,,4797.0,2229.7,678.8,,,,7.751,16.866,3.025,,,,9.214208500815696,8.656804112661481,0.024222647211848698,0.004395248047686354,0.1739099396259689,0.7013162469902288,4,16,0.4395248047686354,True,link0 proximal end (sensor at AFT200 puck),467.40960812568665
3,C1,5.0,1%rel(min0.5deg),0,5200.0,1907.9,700.0,,,,4338.1,2211.6,703.4,,,,16.575,15.919,0.490,,,,10.994747678723593,12.169124776839375,0.026054036104349716,0.0028583014533088208,0.21149724924593694,0.4758742380870799,4,16,0.2858301453308821,True,link0 proximal end (sensor at AFT200 puck),621.6313989162445
3,C1,5.0,1%rel(min0.5deg),1,5200.0,1907.9,700.0,,,,4648.7,2433.9,659.3,,,,10.601,27.567,5.820,,,,14.662763150810045,8.409625889750144,0.028389739862162092,0.003935863225508727,0.18377284616141923,0.46444831694163047,4,16,0.39358632255087267,True,link0 proximal end (sensor at AFT200 puck),586.5315225124359
3,C1,5.0,1%rel(min0.5deg),2,5200.0,1907.9,700.0,,,,5054.7,2423.1,782.9,,,,2.795,27.004,11.848,,,,13.882205579072712,10.411259358546046,0.009232048059344251,0.0031685414565660445,0.20309416518540938,0.5989274698127083,4,16,0.31685414565660447,True,link0 proximal end (sensor at AFT200 puck),506.56085753440857
3,C1,5.0,1%rel(min0.5deg),3,5200.0,1907.9,700.0,,,,4847.5,1778.0,976.7,,,,6.778,6.806,39.525,,,,17.703005769619274,16.195811270592063,0.02067437665437149,0.0035035699201135277,0.18517088613608973,0.5895974502500865,4,16,0.3503569920113528,True,link0 proximal end (sensor at AFT200 puck),542.43479347229
3,C1,5.0,1%rel(min0.5deg),4,5200.0,1907.9,700.0,,,,5003.4,2057.6,734.9,,,,3.780,7.845,4.986,,,,5.536969712698217,9.202225423789887,0.023760431876488568,0.004732536088943034,0.2098563909311561,0.7112942244260736,4,16,0.4732536088943034,True,link0 proximal end (sensor at AFT200 puck),629.1734516620636
3,C2,1.0,5%rel(min0.5deg),0,5200.0,1907.9,700.0,,,,4430.6,2410.4,692.1,,,,14.795,26.337,1.132,,,,14.088231777820605,13.081287889425399,0.06584199475204908,0.002908213409742936,0.24084491947830344,0.4774643659183916,4,16,0.2908213409742936,True,link0 proximal end (sensor at AFT200 puck),620.3028891086578
3,C2,1.0,5%rel(min0.5deg),1,5200.0,1907.9,700.0,,,,4764.6,2530.5,621.5,,,,8.373,32.635,11.211,,,,17.406254175464294,14.014701495919374,0.04802133795247027,0.003953227940372368,0.18779462562747817,0.46511029317388397,4,16,0.3953227940372368,True,link0 proximal end (sensor at AFT200 puck),302.05647802352905
3,C2,1.0,5%rel(min0.5deg),2,5200.0,1907.9,700.0,,,,5044.3,2375.2,565.7,,,,2.994,24.493,19.190,,,,15.558861086847926,13.657191764403592,0.018914012146209216,0.0029787473262927406,0.15715283492207888,0.5497592901552628,4,16,0.29787473262927405,True,link0 proximal end (sensor at AFT200 puck),451.9528229236603
3,C2,1.0,5%rel(min0.5deg),3,5200.0,1907.9,700.0,,,,5087.8,1804.5,897.6,,,,2.157,5.417,28.227,,,,11.93383152089235,9.952358570457775,0.03236947313019882,0.003437397791254714,0.19555358394489794,0.6408110624350013,4,16,0.34373977912547143,True,link0 proximal end (sensor at AFT200 puck),425.0575466156006
3,C2,1.0,5%rel(min0.5deg),4,5200.0,1907.9,700.0,,,,4425.6,2600.4,623.3,,,,14.891,36.298,10.952,,,,20.713753279029778,18.680113064207266,0.016696397427328594,0.004350165470888697,0.5817885779177648,0.698389592122945,4,16,0.4350165470888697,True,link0 proximal end (sensor at AFT200 puck),584.3215067386627
3,C3,5.0,5%rel(min0.5deg),0,5200.0,1907.9,700.0,,,,4247.5,2305.0,694.7,,,,18.317,20.812,0.759,,,,13.296268002631152,14.001960998563211,0.06779757234955511,0.0028088441316346828,0.2235549522127797,0.4702603501047943,4,16,0.2808844131634683,True,link0 proximal end (sensor at AFT200 puck),744.0012757778168
3,C3,5.0,5%rel(min0.5deg),1,5200.0,1907.9,700.0,,,,4606.7,2615.0,579.9,,,,11.411,37.061,17.154,,,,21.875289359334428,14.197202826951681,0.04601024776803114,0.003998010498474282,0.19262717816438946,0.4655964813461226,4,16,0.39980104984742815,True,link0 proximal end (sensor at AFT200 puck),505.72965908050537
3,C3,5.0,5%rel(min0.5deg),2,5200.0,1907.9,700.0,,,,5376.1,1971.1,878.6,,,,3.387,3.311,25.509,,,,10.736001914773666,6.327712887612296,0.01832552332992691,0.003187143411072833,0.22381815498538155,0.6146810679678136,4,16,0.3187143411072833,True,link0 proximal end (sensor at AFT200 puck),516.2818987369537
3,C3,5.0,5%rel(min0.5deg),3,5200.0,1907.9,700.0,,,,5014.1,1590.4,986.8,,,,3.576,16.639,40.975,,,,20.396384346762815,19.068759435349218,0.03194991684061142,0.003497192730964104,0.21791289039454897,0.6251318010500849,4,16,0.3497192730964104,True,link0 proximal end (sensor at AFT200 puck),497.66797137260437
3,C3,5.0,5%rel(min0.5deg),4,5200.0,1907.9,700.0,,,,4929.5,2128.0,725.2,,,,5.201,11.535,3.593,,,,6.776387603836306,10.431200974803595,0.018406822703898942,0.004671889018766721,0.16277128129168994,0.7161291877862451,4,16,0.4671889018766721,True,link0 proximal end (sensor at AFT200 puck),641.4464645385742
4,C0,1.0,1%rel(min0.5deg),0,5200.0,2665.0,1365.8,700.0,,,4296.6,3738.2,988.1,814.0,,,17.373,40.271,27.655,16.289,,,25.39699583373637,22.970169484929503,0.010227646416787414,0.0016725545833264134,0.2754192805211957,0.5053928198608326,5,20,0.16725545833264133,True,link0 proximal end (sensor at AFT200 puck),795.4417757987976
4,C0,1.0,1%rel(min0.5deg),1,5200.0,2665.0,1365.8,700.0,,,5016.5,2765.4,1333.0,750.3,,,3.530,3.767,2.401,7.180,,,4.21953495764761,3.6529652628416107,0.025220079669304764,0.001970083845187983,0.22258065932524418,0.5002059237587922,5,20,0.19700838451879832,True,link0 proximal end (sensor at AFT200 puck),756.41064286232
4,C0,1.0,1%rel(min0.5deg),2,5200.0,2665.0,1365.8,700.0,,,5019.3,2796.4,1473.2,581.5,,,3.475,4.931,7.860,16.931,,,8.299398257285524,7.0826798711056345,0.030123597934410107,0.001951090058719796,0.2146707276897029,0.6332699442490228,5,20,0.1951090058719796,True,link0 proximal end (sensor at AFT200 puck),548.8301391601562
4,C0,1.0,1%rel(min0.5deg),3,5200.0,2665.0,1365.8,700.0,,,5295.7,2597.9,1367.9,730.6,,,1.840,2.520,0.155,4.372,,,2.2217377143028214,1.918863878753368,0.03892300250643632,0.002425292733878315,0.16128768267510055,0.8302528574026244,5,20,0.24252927338783148,True,link0 proximal end (sensor at AFT200 puck),855.2290081977844
4,C0,1.0,1%rel(min0.5deg),4,5200.0,2665.0,1365.8,700.0,,,5010.1,2640.0,1555.9,668.9,,,3.652,0.937,13.918,4.447,,,5.738487228388437,4.816096168389474,0.008119210677656408,0.002974480087483247,0.26214198375081266,0.57313160967011,5,20,0.2974480087483247,True,link0 proximal end (sensor at AFT200 puck),812.4224236011505
4,C1,5.0,1%rel(min0.5deg),0,5200.0,2665.0,1365.8,700.0,,,4227.2,3320.9,1273.9,633.8,,,18.709,24.611,6.726,9.456,,,14.875555967735945,12.233913358761768,0.016817516237351515,0.0016561172667769262,0.22879661873258966,0.48225136739894703,5,20,0.1656117266776926,True,link0 proximal end (sensor at AFT200 puck),636.3734743595123
4,C1,5.0,1%rel(min0.5deg),1,5200.0,2665.0,1365.8,700.0,,,4823.4,2901.1,1387.5,715.1,,,7.242,8.858,1.587,2.152,,,4.9597545398491665,3.63813987194142,0.025343619445917183,0.001991638175889809,0.21836072512282087,0.5081366105394985,5,20,0.19916381758898088,True,link0 proximal end (sensor at AFT200 puck),751.166125535965
4,C1,5.0,1%rel(min0.5deg),2,5200.0,2665.0,1365.8,700.0,,,5219.6,2934.8,1384.6,592.3,,,0.378,10.122,1.377,15.385,,,6.815567948825004,5.799576144057129,0.030089705593257868,0.0019348270686322104,0.21831741524061327,0.6326273330484579,5,20,0.19348270686322105,True,link0 proximal end (sensor at AFT200 puck),775.8552193641663
4,C1,5.0,1%rel(min0.5deg),3,5200.0,2665.0,1365.8,700.0,,,5020.2,2553.6,1381.6,812.0,,,3.458,4.181,1.158,16.006,,,6.200898068066596,3.373221512155107,0.03992374825349254,0.002593484350238805,0.1960730656956225,0.9185523066343348,5,20,0.2593484350238805,True,link0 proximal end (sensor at AFT200 puck),845.5392241477966
4,C1,5.0,1%rel(min0.5deg),4,5200.0,2665.0,1365.8,700.0,,,4734.2,2922.1,1381.5,821.7,,,8.958,9.645,1.149,17.384,,,9.284147916273906,5.066639647348497,0.0072168599397516246,0.002990701951572591,0.1690404258957517,0.5785254375233253,5,20,0.2990701951572591,True,link0 proximal end (sensor at AFT200 puck),792.9266798496246
4,C2,1.0,5%rel(min0.5deg),0,5200.0,2665.0,1365.8,700.0,,,4554.3,3721.5,722.3,833.3,,,12.418,39.644,47.116,19.039,,,29.55419906897683,26.366563646146652,0.04336198250142046,0.001652517915146229,0.45050927526160367,0.5238409026366118,5,20,0.1652517915146229,True,link0 proximal end (sensor at AFT200 puck),780.7076325416565
4,C2,1.0,5%rel(min0.5deg),1,5200.0,2665.0,1365.8,700.0,,,5028.5,2701.9,1920.8,428.9,,,3.297,1.383,40.639,38.729,,,21.01212839162399,16.72821858035194,0.032009029002535015,0.002122576340685361,0.37968359332272866,0.4935697518065709,5,20,0.21225763406853612,True,link0 proximal end (sensor at AFT200 puck),647.2720654010773
4,C2,1.0,5%rel(min0.5deg),2,5200.0,2665.0,1365.8,700.0,,,5226.2,2408.1,1348.1,911.5,,,0.504,9.640,1.295,30.221,,,10.415018778173415,8.667442193810592,0.044120862937521224,0.001960812831833054,0.7218659315702751,0.6351921954954021,5,20,0.1960812831833054,True,link0 proximal end (sensor at AFT200 puck),547.363941192627
4,C2,1.0,5%rel(min0.5deg),3,5200.0,2665.0,1365.8,700.0,,,5474.5,1950.4,1533.5,943.5,,,5.279,26.814,12.275,34.781,,,19.787207098624243,16.68361197860375,0.066748153957689,0.0026034370911517573,0.2235495228178837,0.9063064275217367,5,20,0.26034370911517574,True,link0 proximal end (sensor at AFT200 puck),707.9031584262848
4,C2,1.0,5%rel(min0.5deg),4,5200.0,2665.0,1365.8,700.0,,,4880.3,2804.7,1384.5,765.8,,,6.148,5.243,1.371,9.394,,,5.539194186211159,3.9161725564426897,0.006021841590425308,0.003094027990334901,0.18559796087111696,0.5764252490355996,5,20,0.3094027990334901,True,link0 proximal end (sensor at AFT200 puck),587.5024316310883
4,C3,5.0,5%rel(min0.5deg),0,5200.0,2665.0,1365.8,700.0,,,4516.9,3674.0,98.1,1242.8,,,13.137,37.860,92.818,77.550,,,55.3411494799783,48.73445604389087,0.042908110745773775,0.0016176324954957043,0.5628917217989955,0.5163108742114165,5,20,0.16176324954957044,True,link0 proximal end (sensor at AFT200 puck),869.8266589641571
4,C3,5.0,5%rel(min0.5deg),1,5200.0,2665.0,1365.8,700.0,,,4958.3,2502.8,2346.6,264.1,,,4.647,6.085,71.810,62.266,,,36.20216646563488,28.120656298703945,0.03134668241972002,0.0020820367666430574,0.8740009933244699,0.4816086624663888,5,20,0.20820367666430575,True,link0 proximal end (sensor at AFT200 puck),565.0559754371643
4,C3,5.0,5%rel(min0.5deg),2,5200.0,2665.0,1365.8,700.0,,,5370.8,2671.3,1096.3,1061.0,,,3.284,0.238,19.734,51.568,,,18.70583230092528,16.405154626533342,0.03932790307339159,0.0019519284651574637,0.6524650823191953,0.6328476020614999,5,20,0.19519284651574637,True,link0 proximal end (sensor at AFT200 puck),678.7105240821838
4,C3,5.0,5%rel(min0.5deg),3,5200.0,2665.0,1365.8,700.0,,,5193.1,2784.5,1046.4,791.9,,,0.133,4.483,23.387,13.132,,,10.283897870605864,10.88171719829714,0.057842107132022605,0.002637743109472913,0.369287647059754,0.8897538071963622,5,20,0.2637743109472913,True,link0 proximal end (sensor at AFT200 puck),701.7293901443481
4,C3,5.0,5%rel(min0.5deg),4,5200.0,2665.0,1365.8,700.0,,,4726.8,2923.6,1435.4,778.9,,,9.101,9.705,5.099,11.264,,,8.792216338521078,3.2201561084683874,0.005962984183805692,0.003090097821969872,0.2744338544684,0.5718680198109489,5,20,0.3090097821969872,True,link0 proximal end (sensor at AFT200 puck),566.9261376857758
5,C0,1.0,1%rel(min0.5deg),0,5200.0,3149.8,1907.9,1155.6,700.0,,5208.9,3200.1,1959.0,941.5,788.6,,0.171,1.598,2.680,18.528,12.658,,7.12712347492528,5.7359498326778375,0.014267310025544887,0.0016027827962024743,0.20035210268677617,0.5257842935812912,6,24,0.16027827962024743,True,link0 proximal end (sensor at AFT200 puck),1120.120109796524
5,C0,1.0,1%rel(min0.5deg),1,5200.0,3149.8,1907.9,1155.6,700.0,,5184.6,3077.8,2203.2,914.3,997.9,,0.296,2.286,15.480,20.882,42.556,,16.299877087602475,13.10265000818423,0.0036489949578165154,0.0016164143152567379,0.3419938914109889,0.6587491608718572,6,24,0.16164143152567378,True,link0 proximal end (sensor at AFT200 puck),1013.9805378913879
5,C0,1.0,1%rel(min0.5deg),2,5200.0,3149.8,1907.9,1155.6,700.0,,5132.3,3102.7,1832.2,1299.5,729.7,,1.302,1.496,3.966,12.455,4.243,,4.692523387575553,3.8425748890388194,0.010952046613883638,0.0015274701792008555,0.15328116941693182,0.5529647341846606,6,24,0.15274701792008555,True,link0 proximal end (sensor at AFT200 puck),851.1694934368134
5,C0,1.0,1%rel(min0.5deg),3,5200.0,3149.8,1907.9,1155.6,700.0,,4612.7,3659.9,1729.6,1152.0,779.3,,11.294,16.195,9.345,0.308,11.335,,9.695413606485818,8.892624880656241,0.03065495575744484,0.002078155063757512,0.3011714374075461,0.5572161601289762,6,24,0.2078155063757512,True,link0 proximal end (sensor at AFT200 puck),927.5561664104462
5,C0,1.0,1%rel(min0.5deg),4,5200.0,3149.8,1907.9,1155.6,700.0,,5255.6,2827.4,2055.9,1377.3,572.9,,1.069,10.237,7.755,19.186,18.153,,11.280175914684524,10.068095811685417,0.017037950499679093,0.0028166268540033386,0.4549607986235591,0.6429163096960449,6,24,0.28166268540033385,True,link0 proximal end (sensor at AFT200 puck),928.7644853591919
5,C1,5.0,1%rel(min0.5deg),0,5200.0,3149.8,1907.9,1155.6,700.0,,5044.0,3323.2,1839.1,944.0,813.1,,3.001,5.506,3.608,18.315,16.151,,9.316220071283265,4.594468119864508,0.01458708490019003,0.0016024587232427328,0.19907245268201157,0.5255550820617949,6,24,0.1602458723242733,True,link0 proximal end (sensor at AFT200 puck),951.1741440296173
5,C1,5.0,1%rel(min0.5deg),1,5200.0,3149.8,1907.9,1155.6,700.0,,5327.7,3153.8,2228.7,989.6,883.7,,2.457,0.127,16.814,14.363,26.236,,11.999181297534182,11.322940196107691,0.004013366563829533,0.0016044845432053522,0.34735417729340656,0.6460843719909415,6,24,0.16044845432053523,True,link0 proximal end (sensor at AFT200 puck),818.1551344394684
5,C1,5.0,1%rel(min0.5deg),2,5200.0,3149.8,1907.9,1155.6,700.0,,4966.3,2859.3,2031.6,1129.4,843.0,,4.494,9.222,6.483,2.271,20.428,,8.57955350822478,3.7721419291425535,0.010834781473960073,0.0015013368559091756,0.14545547178894191,0.5141163790424725,6,24,0.15013368559091755,True,link0 proximal end (sensor at AFT200 puck),852.0547666549683
5,C1,5.0,1%rel(min0.5deg),3,5200.0,3149.8,1907.9,1155.6,700.0,,4771.6,3521.8,2233.2,983.6,593.5,,8.238,11.810,17.052,14.882,15.211,,13.43852621466417,11.49134412791568,0.047766222111891514,0.001920400315186173,0.5468569431125345,0.5070201327679978,6,24,0.1920400315186173,True,link0 proximal end (sensor at AFT200 puck),915.1846642494202
5,C1,5.0,1%rel(min0.5deg),4,5200.0,3149.8,1907.9,1155.6,700.0,,5067.1,2954.5,2057.5,1281.2,651.0,,2.556,6.200,7.840,10.871,7.005,,6.894549355872191,7.5433692152101885,0.018604930017683034,0.0028797099515262166,0.4044378600895826,0.6607002282194838,6,24,0.28797099515262164,True,link0 proximal end (sensor at AFT200 puck),1045.9224462509155
5,C2,1.0,5%rel(min0.5deg),0,5200.0,3149.8,1907.9,1155.6,700.0,,5284.3,3315.1,1671.7,1190.4,678.5,,1.621,5.248,12.379,3.011,3.073,,5.066177556062908,4.700296884760672,0.03629258802437323,0.0016207367435889537,0.20110467093623252,0.5234917653780053,6,24,0.16207367435889536,True,link0 proximal end (sensor at AFT200 puck),834.4081408977509
5,C2,1.0,5%rel(min0.5deg),1,5200.0,3149.8,1907.9,1155.6,700.0,,5051.7,3523.2,2008.9,967.5,902.2,,2.851,11.856,5.296,16.273,28.883,,13.031794982058468,11.188522311794681,0.016789354814348897,0.0022455336240163643,0.27288484191472673,0.6986368478402067,6,24,0.22455336240163642,True,link0 proximal end (sensor at AFT200 puck),519.8135175704956
5,C2,1.0,5%rel(min0.5deg),2,5200.0,3149.8,1907.9,1155.6,700.0,,5288.1,3218.1,1574.2,1115.8,986.1,,1.694,2.167,17.492,3.444,40.877,,13.134756413698279,10.913630772097596,0.01600803407974817,0.0015418477086649117,0.19754981768401067,0.5332830665641461,6,24,0.15418477086649118,True,link0 proximal end (sensor at AFT200 puck),777.3158881664276
5,C2,1.0,5%rel(min0.5deg),3,5200.0,3149.8,1907.9,1155.6,700.0,,4144.3,4351.6,1546.6,1389.5,535.4,,20.301,38.155,18.935,20.244,23.514,,24.229761098354363,21.741785162216356,0.056152245365239065,0.002567044051786223,0.9890623057737888,0.5590790457881962,6,24,0.2567044051786223,True,link0 proximal end (sensor at AFT200 puck),764.2081277370453
5,C2,1.0,5%rel(min0.5deg),4,5200.0,3149.8,1907.9,1155.6,700.0,,5683.7,2490.3,2020.2,1543.7,425.8,,9.302,20.938,5.885,33.585,39.175,,21.77687627368657,19.063957610411293,0.07845106703964044,0.002802962335319345,0.8713603248071975,0.6653271181730389,6,24,0.2802962335319345,True,link0 proximal end (sensor at AFT200 puck),889.0378892421722
5,C3,5.0,5%rel(min0.5deg),0,5200.0,3149.8,1907.9,1155.6,700.0,,5124.6,3368.4,1672.7,1058.6,756.9,,1.450,6.940,12.329,8.398,8.130,,7.4495954993316005,3.489271202069909,0.03601985962232772,0.0016292709267285938,0.18436030219449476,0.5245656269503547,6,24,0.16292709267285937,True,link0 proximal end (sensor at AFT200 puck),1088.2924420833588
5,C3,5.0,5%rel(min0.5deg),1,5200.0,3149.8,1907.9,1155.6,700.0,,5197.8,3527.1,1990.0,1077.9,822.1,,0.042,11.977,4.302,6.724,17.442,,8.097275912176979,9.699467268765995,0.01647891736262018,0.0022439615279842063,0.24927409321193023,0.692650130379471,6,24,0.22439615279842062,True,link0 proximal end (sensor at AFT200 puck),524.7219116687775
5,C3,5.0,5%rel(min0.5deg),2,5200.0,3149.8,1907.9,1155.6,700.0,,4747.8,3516.7,1236.0,886.4,1701.7,,8.697,11.650,35.219,23.299,143.106,,44.39405855851042,34.2739901178404,0.03469174977952752,0.0017604390958200055,0.7218914888724732,0.6017464760776166,6,24,0.17604390958200056,True,link0 proximal end (sensor at AFT200 puck),606.1665930747986
5,C3,5.0,5%rel(min0.5deg),3,5200.0,3149.8,1907.9,1155.6,700.0,,3448.2,5989.0,1316.6,1163.5,427.2,,33.688,90.138,30.993,0.683,38.975,,38.89561049682214,34.183470851323406,0.09866580067616937,0.002075648784425721,1.1825602143371925,0.5714800908581226,6,24,0.20756487844257207,True,link0 proximal end (sensor at AFT200 puck),561.250657081604
5,C3,5.0,5%rel(min0.5deg),4,5200.0,3149.8,1907.9,1155.6,700.0,,5420.2,2479.4,2176.1,1496.1,471.9,,4.234,21.283,14.059,29.469,32.579,,20.324725232685516,19.59701272961213,0.08619222732185469,0.0027981243855034425,0.7571402377688556,0.664481679658257,6,24,0.27981243855034427,True,link0 proximal end (sensor at AFT200 puck),1241.394573688507
6,C0,1.0,1%rel(min0.5deg),0,5200.0,3481.9,2331.5,1561.2,1045.4,700.0,5766.0,2630.4,2048.8,2333.0,887.7,753.2,10.884,24.456,12.123,49.438,15.083,7.603,19.931398880332598,18.103861573152553,0.009086612720916617,0.0012046199438695735,0.5258437645759718,0.4756632852562192,7,28,0.12046199438695736,True,link0 proximal end (sensor at AFT200 puck),1424.43225979805
6,C0,1.0,1%rel(min0.5deg),1,5200.0,3481.9,2331.5,1561.2,1045.4,700.0,4876.0,4090.2,1554.9,2089.2,564.8,879.1,6.231,17.469,33.310,33.818,45.975,25.588,27.06514261256444,23.367628892555526,0.019472489146037178,0.0012021939140810104,0.32606159339428664,0.5658681484402948,7,28,0.12021939140810103,True,link0 proximal end (sensor at AFT200 puck),1086.6898210048676
6,C0,1.0,1%rel(min0.5deg),2,5200.0,3481.9,2331.5,1561.2,1045.4,700.0,4899.6,3858.8,2047.2,1675.1,969.5,800.3,5.777,10.824,12.192,7.296,7.258,14.322,9.611450609857746,8.203153078536866,0.016303936533082326,0.0009731935703874816,0.2846538641357108,0.5431373383890634,7,28,0.09731935703874817,True,link0 proximal end (sensor at AFT200 puck),1113.8864469528198
6,C0,1.0,1%rel(min0.5deg),3,5200.0,3481.9,2331.5,1561.2,1045.4,700.0,5155.6,4254.1,1298.6,2539.6,330.4,943.9,0.854,22.176,44.300,62.672,68.396,34.844,38.87400647124708,33.53676730536989,0.013658590224597896,0.0012488221741471968,0.42310535389698756,0.47681136391331247,7,28,0.12488221741471968,True,link0 proximal end (sensor at AFT200 puck),1145.5494961738586
6,C0,1.0,1%rel(min0.5deg),4,5200.0,3481.9,2331.5,1561.2,1045.4,700.0,4254.0,4091.0,1665.9,2029.1,794.1,928.7,18.193,17.492,28.547,29.973,24.034,32.674,25.152116252305188,22.3149116323011,0.039958573577382875,0.002175332460656868,0.22050641906981794,0.5433810559808734,7,28,0.2175332460656868,True,link0 proximal end (sensor at AFT200 puck),1247.6966710090637
6,C1,5.0,1%rel(min0.5deg),0,5200.0,3481.9,2331.5,1561.2,1045.4,700.0,5660.7,2741.7,2086.0,2352.3,837.6,582.9,8.859,21.260,10.529,50.675,19.878,16.728,21.32137065945446,21.826558217036716,0.009596965694715215,0.001201658302890774,0.5575069067792486,0.4654797681005018,7,28,0.1201658302890774,True,link0 proximal end (sensor at AFT200 puck),1346.8239376544952
6,C1,5.0,1%rel(min0.5deg),1,5200.0,3481.9,2331.5,1561.2,1045.4,700.0,5215.3,3814.3,1541.3,1963.7,511.3,943.5,0.294,9.546,33.893,25.779,51.090,34.788,25.89834155421308,23.00361123634049,0.018066852746663704,0.0011596147500532491,0.28655486536218644,0.5082045921165782,7,28,0.11596147500532492,True,link0 proximal end (sensor at AFT200 puck),1086.6008298397064
6,C1,5.0,1%rel(min0.5deg),2,5200.0,3481.9,2331.5,1561.2,1045.4,700.0,4658.3,3773.2,2026.8,1616.1,1025.1,858.5,10.418,8.367,13.071,3.517,1.946,22.639,9.992734466894865,7.858876358745538,0.015981678737351675,0.0009717436050337119,0.2505209329905631,0.549955796054362,7,28,0.0971743605033712,True,link0 proximal end (sensor at AFT200 puck),1300.950960636139
6,C1,5.0,1%rel(min0.5deg),3,5200.0,3481.9,2331.5,1561.2,1045.4,700.0,5031.2,3356.9,2194.9,1987.3,492.3,1277.0,3.246,3.590,5.857,27.293,52.905,82.433,29.22062521775739,22.678400869932293,0.015719813467300732,0.0011319722462841356,0.6685948276931063,0.46905174942476136,7,28,0.11319722462841356,True,link0 proximal end (sensor at AFT200 puck),1125.9204506874084
6,C1,5.0,1%rel(min0.5deg),4,5200.0,3481.9,2331.5,1561.2,1045.4,700.0,4130.9,3885.1,1632.1,1950.3,846.4,944.6,20.560,11.581,29.998,24.923,19.031,34.943,23.505799432697625,21.06343319513338,0.041204782867101525,0.0022139840093879162,0.19184580756066189,0.5389376133955073,7,28,0.22139840093879162,True,link0 proximal end (sensor at AFT200 puck),1468.998289823532
6,C2,1.0,5%rel(min0.5deg),0,5200.0,3481.9,2331.5,1561.2,1045.4,700.0,5528.7,2770.2,2015.5,1061.5,1929.7,837.6,6.321,20.441,13.555,32.007,84.593,19.657,29.428962804880637,25.731630832650808,0.02513305350072141,0.0011185249201320217,6.764856007832519,0.523779411852477,7,28,0.11185249201320216,True,link0 proximal end (sensor at AFT200 puck),1068.4413878917694
6,C2,1.0,5%rel(min0.5deg),1,5200.0,3481.9,2331.5,1561.2,1045.4,700.0,4600.9,5275.4,2220.0,865.5,1192.9,1045.1,11.522,51.509,4.782,44.559,14.107,49.306,29.297552046622354,25.005767489741526,0.07628229427783423,0.0015205019671145,1.5816095225840103,0.5373359683143291,7,28,0.15205019671145,True,link0 proximal end (sensor at AFT200 puck),719.3569965362549
6,C2,1.0,5%rel(min0.5deg),2,5200.0,3481.9,2331.5,1561.2,1045.4,700.0,4824.7,3936.4,1333.2,2299.8,1007.1,1041.6,7.216,13.053,42.816,47.310,3.659,48.799,27.142091388044808,23.4077477017579,0.0593298091073686,0.0009903869731063449,1.0015372217871823,0.5554451131037712,7,28,0.09903869731063449,True,link0 proximal end (sensor at AFT200 puck),1182.536862373352
6,C2,1.0,5%rel(min0.5deg),3,5200.0,3481.9,2331.5,1561.2,1045.4,700.0,6026.5,2355.0,2882.6,1944.1,-12.1,1230.4,15.895,32.364,23.636,24.527,101.154,75.770,45.55778760627863,39.78843359157949,0.07122850296556466,0.0012954437991428047,1.7135299780070297,0.4989958688610333,7,28,0.12954437991428047,True,link0 proximal end (sensor at AFT200 puck),871.3331360816956
6,C2,1.0,5%rel(min0.5deg),4,5200.0,3481.9,2331.5,1561.2,1045.4,700.0,4305.6,3250.7,3255.1,1777.6,1356.0,158.6,17.201,6.640,39.612,13.861,29.713,77.341,30.727906242229096,26.530787529280502,0.05380875498385473,0.0020634912918536794,5.121348551535062,0.5436715052951777,7,28,0.20634912918536794,True,link0 proximal end (sensor at AFT200 puck),1257.9508554935455
6,C3,5.0,5%rel(min0.5deg),0,5200.0,3481.9,2331.5,1561.2,1045.4,700.0,5288.8,2978.6,1927.7,1140.8,1852.7,876.3,1.708,14.454,17.320,26.928,77.227,25.190,27.137807545980817,25.16757353207858,0.023681837334287942,0.0011254812379662507,6.974721539271449,0.5263931359872137,7,28,0.11254812379662507,True,link0 proximal end (sensor at AFT200 puck),899.636935710907
6,C3,5.0,5%rel(min0.5deg),1,5200.0,3481.9,2331.5,1561.2,1045.4,700.0,5315.2,3508.0,1832.5,1673.6,792.4,1033.2,2.215,0.748,21.403,7.197,24.199,47.606,17.228113238993604,14.501498942023566,0.03700545470308662,0.0014575646451908842,0.32272793726682386,0.5803464174120095,7,28,0.1457564645190884,True,link0 proximal end (sensor at AFT200 puck),1128.1176571846008
6,C3,5.0,5%rel(min0.5deg),2,5200.0,3481.9,2331.5,1561.2,1045.4,700.0,4864.5,2930.4,2171.6,1685.5,1676.5,666.0,6.452,15.839,6.857,7.964,60.366,4.851,17.05490292966204,11.290521223862314,0.060588468565649437,0.0010162303310779787,0.5511270955667675,0.5659121379666039,7,28,0.10162303310779787,True,link0 proximal end (sensor at AFT200 puck),1115.1293559074402
6,C3,5.0,5%rel(min0.5deg),3,5200.0,3481.9,2331.5,1561.2,1045.4,700.0,5554.6,2125.4,2667.4,1855.0,1528.7,426.5,6.819,38.958,14.407,18.817,46.234,39.066,27.383465350511845,24.85245154272761,0.05564126924444392,0.0016275511003860403,3.1158234909242877,0.5043863826928416,7,28,0.16275511003860402,True,link0 proximal end (sensor at AFT200 puck),834.2593457698822
6,C3,5.0,5%rel(min0.5deg),4,5200.0,3481.9,2331.5,1561.2,1045.4,700.0,4155.9,3222.0,3004.6,1917.0,1253.7,149.8,20.079,7.464,28.868,22.789,19.922,78.598,29.62008718548667,25.453399571196154,0.05388286875267759,0.0020292990006453315,4.99222523591753,0.5386021221779473,7,28,0.20292990006453315,True,link0 proximal end (sensor at AFT200 puck),1360.8893070220947
