n_links,cond_id,vol_err_pct,ang_err,seed,gt_density_L1,gt_density_L2,gt_density_L3,gt_density_L4,gt_density_L5,gt_density_L6,est_density_L1,est_density_L2,est_density_L3,est_density_L4,est_density_L5,est_density_L6,err_pct_L1,err_pct_L2,err_pct_L3,err_pct_L4,err_pct_L5,err_pct_L6,mean_err_pct,n_configs,n_measurements,final_uncertainty,converged,grasp_point,wall_time_sec
2,C0,1,1%rel(min0.5deg),0,5200.0,700.0,,,,,5154.2,697.9,,,,,0.8800,0.2930,,,,,0.5865,1,3,0.5085,True,link1_proximal_end_center (sensor origin; base welded at bbox center +L1/2 x),0.02
2,C0,1,1%rel(min0.5deg),1,5200.0,700.0,,,,,5251.3,690.8,,,,,0.9859,1.3158,,,,,1.1508,2,6,0.4183,True,link1_proximal_end_center (sensor origin; base welded at bbox center +L1/2 x),0.04
2,C0,1,1%rel(min0.5deg),2,5200.0,700.0,,,,,5240.4,691.1,,,,,0.7764,1.2651,,,,,1.0208,1,3,0.6274,True,link1_proximal_end_center (sensor origin; base welded at bbox center +L1/2 x),0.02
2,C0,1,1%rel(min0.5deg),3,5200.0,700.0,,,,,5241.5,700.5,,,,,0.7986,0.0708,,,,,0.4347,1,3,0.6534,True,link1_proximal_end_center (sensor origin; base welded at bbox center +L1/2 x),0.03
2,C0,1,1%rel(min0.5deg),4,5200.0,700.0,,,,,5164.1,699.8,,,,,0.6911,0.0279,,,,,0.3595,1,3,0.7646,True,link1_proximal_end_center (sensor origin; base welded at bbox center +L1/2 x),0.02
2,C1,5,1%rel(min0.5deg),0,5200.0,700.0,,,,,4984.4,685.2,,,,,4.1467,2.1186,,,,,3.1326,1,3,0.8230,True,link1_proximal_end_center (sensor origin; base welded at bbox center +L1/2 x),0.02
2,C1,5,1%rel(min0.5deg),1,5200.0,700.0,,,,,5456.9,658.4,,,,,4.9401,5.9426,,,,,5.4413,2,6,0.7251,True,link1_proximal_end_center (sensor origin; base welded at bbox center +L1/2 x),0.03
2,C1,5,1%rel(min0.5deg),2,5200.0,700.0,,,,,5446.4,662.1,,,,,4.7388,5.4090,,,,,5.0739,2,6,0.4291,True,link1_proximal_end_center (sensor origin; base welded at bbox center +L1/2 x),0.02
2,C1,5,1%rel(min0.5deg),3,5200.0,700.0,,,,,5432.8,728.3,,,,,4.4770,4.0489,,,,,4.2630,2,6,0.6528,True,link1_proximal_end_center (sensor origin; base welded at bbox center +L1/2 x),0.03
2,C1,5,1%rel(min0.5deg),4,5200.0,700.0,,,,,4998.3,677.3,,,,,3.8793,3.2360,,,,,3.5576,2,6,0.7341,True,link1_proximal_end_center (sensor origin; base welded at bbox center +L1/2 x),0.04
2,C2,1,5%rel(min0.5deg),0,5200.0,700.0,,,,,5154.2,697.9,,,,,0.8799,0.2935,,,,,0.5867,1,3,0.5085,True,link1_proximal_end_center (sensor origin; base welded at bbox center +L1/2 x),0.01
2,C2,1,5%rel(min0.5deg),1,5200.0,700.0,,,,,5250.8,690.8,,,,,0.9773,1.3181,,,,,1.1477,2,6,0.4621,True,link1_proximal_end_center (sensor origin; base welded at bbox center +L1/2 x),0.03
2,C2,1,5%rel(min0.5deg),2,5200.0,700.0,,,,,5240.4,691.1,,,,,0.7767,1.2670,,,,,1.0218,1,3,0.6277,True,link1_proximal_end_center (sensor origin; base welded at bbox center +L1/2 x),0.01
2,C2,1,5%rel(min0.5deg),3,5200.0,700.0,,,,,5241.7,700.4,,,,,0.8024,0.0603,,,,,0.4314,1,3,0.6554,True,link1_proximal_end_center (sensor origin; base welded at bbox center +L1/2 x),0.02
2,C2,1,5%rel(min0.5deg),4,5200.0,700.0,,,,,5164.7,699.5,,,,,0.6793,0.0653,,,,,0.3723,1,3,0.7787,True,link1_proximal_end_center (sensor origin; base welded at bbox center +L1/2 x),0.03
2,C3,5,5%rel(min0.5deg),0,5200.0,700.0,,,,,4984.4,685.2,,,,,4.1455,2.1213,,,,,3.1334,1,3,0.8266,True,link1_proximal_end_center (sensor origin; base welded at bbox center +L1/2 x),0.01
2,C3,5,5%rel(min0.5deg),1,5200.0,700.0,,,,,5455.6,657.6,,,,,4.9151,6.0506,,,,,5.4828,2,6,0.8194,True,link1_proximal_end_center (sensor origin; base welded at bbox center +L1/2 x),0.03
2,C3,5,5%rel(min0.5deg),2,5200.0,700.0,,,,,5446.7,662.3,,,,,4.7443,5.3833,,,,,5.0638,2,6,0.4246,True,link1_proximal_end_center (sensor origin; base welded at bbox center +L1/2 x),0.03
2,C3,5,5%rel(min0.5deg),3,5200.0,700.0,,,,,5433.3,728.7,,,,,4.4864,4.1049,,,,,4.2957,2,6,0.6464,True,link1_proximal_end_center (sensor origin; base welded at bbox center +L1/2 x),0.04
2,C3,5,5%rel(min0.5deg),4,5200.0,700.0,,,,,4996.7,675.8,,,,,3.9100,3.4518,,,,,3.6809,2,6,0.7444,True,link1_proximal_end_center (sensor origin; base welded at bbox center +L1/2 x),0.05
3,C0,1,1%rel(min0.5deg),0,5200.0,1907.9,700.0,,,,5150.8,1905.3,694.5,,,,0.9462,0.1365,0.7861,,,,0.6229,2,6,0.4372,True,link1_proximal_end_center (sensor origin; base welded at bbox center +L1/2 x),0.54
3,C0,1,1%rel(min0.5deg),1,5200.0,1907.9,700.0,,,,5149.9,1946.6,694.2,,,,0.9643,2.0309,0.8322,,,,1.2758,2,6,0.7085,True,link1_proximal_end_center (sensor origin; base welded at bbox center +L1/2 x),0.24
3,C0,1,1%rel(min0.5deg),2,5200.0,1907.9,700.0,,,,5247.4,1907.7,705.8,,,,0.9113,0.0102,0.8304,,,,0.5840,2,6,0.6049,True,link1_proximal_end_center (sensor origin; base welded at bbox center +L1/2 x),0.48
3,C0,1,1%rel(min0.5deg),3,5200.0,1907.9,700.0,,,,5151.3,1936.8,694.5,,,,0.9361,1.5156,0.7812,,,,1.0776,2,6,0.5221,True,link1_proximal_end_center (sensor origin; base welded at bbox center +L1/2 x),0.56
3,C0,1,1%rel(min0.5deg),4,5200.0,1907.9,700.0,,,,5250.2,1883.3,691.2,,,,0.9658,1.2880,1.2571,,,,1.1703,2,6,0.5396,True,link1_proximal_end_center (sensor origin; base welded at bbox center +L1/2 x),0.12
3,C1,5,1%rel(min0.5deg),0,5200.0,1907.9,700.0,,,,4965.0,1887.1,674.3,,,,4.5187,1.0877,3.6774,,,,3.0946,2,6,0.5083,True,link1_proximal_end_center (sensor origin; base welded at bbox center +L1/2 x),0.63
3,C1,5,1%rel(min0.5deg),1,5200.0,1907.9,700.0,,,,4960.7,2092.1,674.9,,,,4.6025,9.6541,3.5928,,,,5.9498,2,6,0.7290,True,link1_proximal_end_center (sensor origin; base welded at bbox center +L1/2 x),0.26
3,C1,5,1%rel(min0.5deg),2,5200.0,1907.9,700.0,,,,5453.1,1898.2,728.9,,,,4.8668,0.5071,4.1293,,,,3.1677,2,6,0.7737,True,link1_proximal_end_center (sensor origin; base welded at bbox center +L1/2 x),0.50
3,C1,5,1%rel(min0.5deg),3,5200.0,1907.9,700.0,,,,4961.9,2059.8,671.7,,,,4.5786,7.9614,4.0500,,,,5.5300,2,6,0.5041,True,link1_proximal_end_center (sensor origin; base welded at bbox center +L1/2 x),0.46
3,C1,5,1%rel(min0.5deg),4,5200.0,1907.9,700.0,,,,5460.3,1783.2,660.9,,,,5.0065,6.5344,5.5827,,,,5.7079,2,6,0.5592,True,link1_proximal_end_center (sensor origin; base welded at bbox center +L1/2 x),0.16
3,C2,1,5%rel(min0.5deg),0,5200.0,1907.9,700.0,,,,5150.7,1905.5,694.4,,,,0.9475,0.1251,0.8059,,,,0.6262,2,6,0.4485,True,link1_proximal_end_center (sensor origin; base welded at bbox center +L1/2 x),0.11
3,C2,1,5%rel(min0.5deg),1,5200.0,1907.9,700.0,,,,5150.0,1946.2,694.0,,,,0.9619,2.0071,0.8534,,,,1.2741,2,6,0.6970,True,link1_proximal_end_center (sensor origin; base welded at bbox center +L1/2 x),0.14
3,C2,1,5%rel(min0.5deg),2,5200.0,1907.9,700.0,,,,5247.4,1907.3,705.9,,,,0.9112,0.0293,0.8488,,,,0.5964,2,6,0.6043,True,link1_proximal_end_center (sensor origin; base welded at bbox center +L1/2 x),0.09
3,C2,1,5%rel(min0.5deg),3,5200.0,1907.9,700.0,,,,5151.6,1936.5,694.7,,,,0.9308,1.5010,0.7585,,,,1.0635,2,6,0.5160,True,link1_proximal_end_center (sensor origin; base welded at bbox center +L1/2 x),0.09
3,C2,1,5%rel(min0.5deg),4,5200.0,1907.9,700.0,,,,5250.2,1883.4,691.2,,,,0.9645,1.2859,1.2572,,,,1.1692,2,6,0.5586,True,link1_proximal_end_center (sensor origin; base welded at bbox center +L1/2 x),0.11
3,C3,5,5%rel(min0.5deg),0,5200.0,1907.9,700.0,,,,4964.2,1889.8,673.4,,,,4.5344,0.9461,3.8048,,,,3.0951,2,6,0.5193,True,link1_proximal_end_center (sensor origin; base welded at bbox center +L1/2 x),0.11
3,C3,5,5%rel(min0.5deg),1,5200.0,1907.9,700.0,,,,4961.2,2092.9,674.5,,,,4.5921,9.6976,3.6497,,,,5.9798,2,6,0.7146,True,link1_proximal_end_center (sensor origin; base welded at bbox center +L1/2 x),0.14
3,C3,5,5%rel(min0.5deg),2,5200.0,1907.9,700.0,,,,5452.6,1896.4,729.7,,,,4.8580,0.6002,4.2452,,,,3.2344,2,6,0.7731,True,link1_proximal_end_center (sensor origin; base welded at bbox center +L1/2 x),0.13
3,C3,5,5%rel(min0.5deg),3,5200.0,1907.9,700.0,,,,4963.2,2059.0,671.9,,,,4.5546,7.9179,4.0169,,,,5.4965,2,6,0.5002,True,link1_proximal_end_center (sensor origin; base welded at bbox center +L1/2 x),0.15
3,C3,5,5%rel(min0.5deg),4,5200.0,1907.9,700.0,,,,5461.2,1781.8,660.8,,,,5.0234,6.6111,5.5982,,,,5.7442,2,6,0.5724,True,link1_proximal_end_center (sensor origin; base welded at bbox center +L1/2 x),0.13
4,C0,1,1%rel(min0.5deg),0,5200.0,2665.0,1365.8,700.0,,,5151.3,2656.0,1355.6,700.9,,,0.9372,0.3382,0.7457,0.1230,,,0.5360,3,9,1.3887,True,link1_proximal_end_center (sensor origin; base welded at bbox center +L1/2 x),1.04
4,C0,1,1%rel(min0.5deg),1,5200.0,2665.0,1365.8,700.0,,,5146.1,2711.1,1377.7,695.6,,,1.0362,1.7302,0.8719,0.6275,,,1.0664,3,9,1.7570,True,link1_proximal_end_center (sensor origin; base welded at bbox center +L1/2 x),0.99
4,C0,1,1%rel(min0.5deg),2,5200.0,2665.0,1365.8,700.0,,,5254.2,2675.9,1353.9,687.4,,,1.0421,0.4078,0.8735,1.7944,,,1.0295,3,9,1.3252,True,link1_proximal_end_center (sensor origin; base welded at bbox center +L1/2 x),0.84
4,C0,1,1%rel(min0.5deg),3,5200.0,2665.0,1365.8,700.0,,,5152.5,2647.4,1382.6,709.7,,,0.9133,0.6604,1.2320,1.3853,,,1.0477,3,9,1.2210,True,link1_proximal_end_center (sensor origin; base welded at bbox center +L1/2 x),0.89
4,C0,1,1%rel(min0.5deg),4,5200.0,2665.0,1365.8,700.0,,,5144.5,2698.8,1370.2,709.9,,,1.0674,1.2699,0.3234,1.4074,,,1.0170,3,9,1.8259,True,link1_proximal_end_center (sensor origin; base welded at bbox center +L1/2 x),0.90
4,C1,5,1%rel(min0.5deg),0,5200.0,2665.0,1365.8,700.0,,,4965.8,2612.0,1322.8,700.2,,,4.5035,1.9891,3.1496,0.0231,,,2.4163,3,9,1.4778,True,link1_proximal_end_center (sensor origin; base welded at bbox center +L1/2 x),0.97
4,C1,5,1%rel(min0.5deg),1,5200.0,2665.0,1365.8,700.0,,,4959.0,2830.9,1474.8,669.3,,,4.6344,6.2242,7.9800,4.3812,,,5.8050,3,9,1.9810,True,link1_proximal_end_center (sensor origin; base welded at bbox center +L1/2 x),1.05
4,C1,5,1%rel(min0.5deg),2,5200.0,2665.0,1365.8,700.0,,,5471.4,2723.5,1303.6,642.1,,,5.2191,2.1964,4.5541,8.2741,,,5.0609,3,9,1.2768,True,link1_proximal_end_center (sensor origin; base welded at bbox center +L1/2 x),0.88
4,C1,5,1%rel(min0.5deg),3,5200.0,2665.0,1365.8,700.0,,,4960.1,2581.8,1454.9,748.6,,,4.6139,3.1221,6.5261,6.9405,,,5.3006,3,9,1.1279,True,link1_proximal_end_center (sensor origin; base welded at bbox center +L1/2 x),1.14
4,C1,5,1%rel(min0.5deg),4,5200.0,2665.0,1365.8,700.0,,,4947.4,2798.9,1428.4,735.2,,,4.8583,5.0239,4.5865,5.0239,,,4.8731,3,9,1.4615,True,link1_proximal_end_center (sensor origin; base welded at bbox center +L1/2 x),0.91
4,C2,1,5%rel(min0.5deg),0,5200.0,2665.0,1365.8,700.0,,,5150.8,2654.0,1360.1,698.6,,,0.9464,0.4110,0.4166,0.1962,,,0.4925,3,9,1.4151,True,link1_proximal_end_center (sensor origin; base welded at bbox center +L1/2 x),1.15
4,C2,1,5%rel(min0.5deg),1,5200.0,2665.0,1365.8,700.0,,,5149.0,2697.5,1387.6,693.9,,,0.9807,1.2211,1.5993,0.8712,,,1.1681,3,9,1.7336,True,link1_proximal_end_center (sensor origin; base welded at bbox center +L1/2 x),1.05
4,C2,1,5%rel(min0.5deg),2,5200.0,2665.0,1365.8,700.0,,,5254.3,2676.3,1353.1,687.8,,,1.0438,0.4237,0.9284,1.7369,,,1.0332,3,9,1.2578,True,link1_proximal_end_center (sensor origin; base welded at bbox center +L1/2 x),1.00
4,C2,1,5%rel(min0.5deg),3,5200.0,2665.0,1365.8,700.0,,,5152.4,2647.1,1383.4,709.4,,,0.9154,0.6733,1.2874,1.3453,,,1.0553,3,9,1.1968,True,link1_proximal_end_center (sensor origin; base welded at bbox center +L1/2 x),1.20
4,C2,1,5%rel(min0.5deg),4,5200.0,2665.0,1365.8,700.0,,,5145.7,2690.6,1378.2,707.3,,,1.0443,0.9613,0.9044,1.0467,,,0.9892,4,12,1.5477,True,link1_proximal_end_center (sensor origin; base welded at bbox center +L1/2 x),1.57
4,C3,5,5%rel(min0.5deg),0,5200.0,2665.0,1365.8,700.0,,,4961.5,2616.0,1323.6,699.6,,,4.5870,1.8393,3.0867,0.0579,,,2.3927,3,9,1.4985,True,link1_proximal_end_center (sensor origin; base welded at bbox center +L1/2 x),1.45
4,C3,5,5%rel(min0.5deg),1,5200.0,2665.0,1365.8,700.0,,,4955.9,2838.6,1462.9,671.4,,,4.6951,6.5139,7.1098,4.0810,,,5.5999,4,12,1.5603,True,link1_proximal_end_center (sensor origin; base welded at bbox center +L1/2 x),1.18
4,C3,5,5%rel(min0.5deg),2,5200.0,2665.0,1365.8,700.0,,,5467.6,2729.6,1300.9,643.6,,,5.1463,2.4240,4.7546,8.0541,,,5.0947,3,9,1.3365,True,link1_proximal_end_center (sensor origin; base welded at bbox center +L1/2 x),0.97
4,C3,5,5%rel(min0.5deg),3,5200.0,2665.0,1365.8,700.0,,,4961.9,2578.6,1457.6,747.6,,,4.5786,3.2433,6.7212,6.7935,,,5.3341,3,9,1.1406,True,link1_proximal_end_center (sensor origin; base welded at bbox center +L1/2 x),1.22
4,C3,5,5%rel(min0.5deg),4,5200.0,2665.0,1365.8,700.0,,,4947.6,2796.9,1428.9,735.5,,,4.8542,4.9475,4.6177,5.0717,,,4.8728,4,12,1.5558,True,link1_proximal_end_center (sensor origin; base welded at bbox center +L1/2 x),1.92
5,C0,1,1%rel(min0.5deg),0,5200.0,3149.8,1907.9,1155.6,700.0,,5148.5,3187.9,1888.0,1153.4,707.0,,0.9911,1.2088,1.0440,0.1937,1.0009,,0.8877,5,15,1.7465,True,link1_proximal_end_center (sensor origin; base welded at bbox center +L1/2 x),2.72
5,C0,1,1%rel(min0.5deg),1,5200.0,3149.8,1907.9,1155.6,700.0,,5249.1,3112.4,1911.4,1168.8,685.2,,0.9440,1.1859,0.1811,1.1402,2.1079,,1.1118,4,12,1.8637,True,link1_proximal_end_center (sensor origin; base welded at bbox center +L1/2 x),2.85
5,C0,1,1%rel(min0.5deg),2,5200.0,3149.8,1907.9,1155.6,700.0,,5140.1,3163.4,1898.6,1161.1,713.5,,1.1522,0.4309,0.4861,0.4788,1.9351,,0.8966,4,12,1.8158,True,link1_proximal_end_center (sensor origin; base welded at bbox center +L1/2 x),2.10
5,C0,1,1%rel(min0.5deg),3,5200.0,3149.8,1907.9,1155.6,700.0,,5251.3,3174.9,1888.3,1142.0,691.7,,0.9871,0.7982,1.0258,1.1736,1.1900,,1.0350,4,12,1.3929,True,link1_proximal_end_center (sensor origin; base welded at bbox center +L1/2 x),1.63
5,C0,1,1%rel(min0.5deg),4,5200.0,3149.8,1907.9,1155.6,700.0,,5142.6,3195.3,1875.9,1174.4,706.3,,1.1040,1.4458,1.6749,1.6252,0.8967,,1.3493,5,15,2.1847,True,link1_proximal_end_center (sensor origin; base welded at bbox center +L1/2 x),2.34
5,C1,5,1%rel(min0.5deg),0,5200.0,3149.8,1907.9,1155.6,700.0,,4937.4,3387.4,1782.3,1120.9,754.6,,5.0508,7.5430,6.5824,3.0052,7.8005,,5.9964,4,12,1.8578,True,link1_proximal_end_center (sensor origin; base welded at bbox center +L1/2 x),2.29
5,C1,5,1%rel(min0.5deg),1,5200.0,3149.8,1907.9,1155.6,700.0,,5464.2,2931.4,1988.6,1182.3,652.1,,5.0807,6.9349,4.2296,2.3135,6.8392,,5.0796,4,12,1.7032,True,link1_proximal_end_center (sensor origin; base welded at bbox center +L1/2 x),2.47
5,C1,5,1%rel(min0.5deg),2,5200.0,3149.8,1907.9,1155.6,700.0,,4958.3,3030.5,2031.6,1126.0,746.9,,4.6473,3.7874,6.4857,2.5624,6.6930,,4.8352,5,15,1.6089,True,link1_proximal_end_center (sensor origin; base welded at bbox center +L1/2 x),3.65
5,C1,5,1%rel(min0.5deg),3,5200.0,3149.8,1907.9,1155.6,700.0,,5469.2,3275.8,1817.7,1078.5,664.2,,5.1768,4.0009,4.7268,6.6736,5.1082,,5.1373,4,12,1.3678,True,link1_proximal_end_center (sensor origin; base welded at bbox center +L1/2 x),1.98
5,C1,5,1%rel(min0.5deg),4,5200.0,3149.8,1907.9,1155.6,700.0,,4946.9,3327.8,1813.9,1213.3,740.1,,4.8667,5.6508,4.9266,4.9923,5.7351,,5.2343,5,15,1.6359,True,link1_proximal_end_center (sensor origin; base welded at bbox center +L1/2 x),2.40
5,C2,1,5%rel(min0.5deg),0,5200.0,3149.8,1907.9,1155.6,700.0,,5148.3,3189.2,1888.4,1150.5,707.9,,0.9948,1.2507,1.0222,0.4416,1.1356,,0.9690,6,18,2.2408,True,link1_proximal_end_center (sensor origin; base welded at bbox center +L1/2 x),5.38
5,C2,1,5%rel(min0.5deg),1,5200.0,3149.8,1907.9,1155.6,700.0,,5247.0,3096.8,1952.5,1144.7,700.6,,0.9029,1.6825,2.3358,0.9458,0.0816,,1.1897,5,15,2.2285,True,link1_proximal_end_center (sensor origin; base welded at bbox center +L1/2 x),3.64
5,C2,1,5%rel(min0.5deg),2,5200.0,3149.8,1907.9,1155.6,700.0,,5153.6,3119.1,1933.1,1155.1,705.4,,0.8923,0.9732,1.3185,0.0433,0.7737,,0.8002,5,15,2.0825,True,link1_proximal_end_center (sensor origin; base welded at bbox center +L1/2 x),4.14
5,C2,1,5%rel(min0.5deg),3,5200.0,3149.8,1907.9,1155.6,700.0,,5251.5,3172.6,1892.1,1138.7,693.2,,0.9895,0.7241,0.8298,1.4607,0.9695,,0.9947,7,21,2.4515,True,link1_proximal_end_center (sensor origin; base welded at bbox center +L1/2 x),10.24
5,C2,1,5%rel(min0.5deg),4,5200.0,3149.8,1907.9,1155.6,700.0,,5146.8,3188.9,1884.3,1168.2,707.8,,1.0226,1.2429,1.2360,1.0913,1.1162,,1.1418,7,21,1.8573,True,link1_proximal_end_center (sensor origin; base welded at bbox center +L1/2 x),7.04
5,C3,5,5%rel(min0.5deg),0,5200.0,3149.8,1907.9,1155.6,700.0,,4952.9,3350.9,1810.1,1131.1,739.7,,4.7525,6.3851,5.1279,2.1214,5.6658,,4.8105,5,15,2.0528,True,link1_proximal_end_center (sensor origin; base welded at bbox center +L1/2 x),5.30
5,C3,5,5%rel(min0.5deg),1,5200.0,3149.8,1907.9,1155.6,700.0,,5449.8,3045.4,1953.2,1089.4,759.6,,4.8035,3.3130,2.3739,5.7315,8.5194,,4.9482,4,12,2.3734,True,link1_proximal_end_center (sensor origin; base welded at bbox center +L1/2 x),3.79
5,C3,5,5%rel(min0.5deg),2,5200.0,3149.8,1907.9,1155.6,700.0,,4955.1,3029.7,2037.5,1106.0,759.9,,4.7097,3.8136,6.7942,4.2929,8.5562,,5.6333,8,24,1.8325,True,link1_proximal_end_center (sensor origin; base welded at bbox center +L1/2 x),9.94
5,C3,5,5%rel(min0.5deg),3,5200.0,3149.8,1907.9,1155.6,700.0,,5465.8,3289.0,1810.0,1076.0,667.2,,5.1123,4.4197,5.1299,6.8889,4.6918,,5.2485,6,18,2.1148,True,link1_proximal_end_center (sensor origin; base welded at bbox center +L1/2 x),4.12
5,C3,5,5%rel(min0.5deg),4,5200.0,3149.8,1907.9,1155.6,700.0,,4951.6,3317.9,1818.2,1217.9,737.4,,4.7772,5.3371,4.7004,5.3878,5.3483,,5.1102,7,21,1.4629,True,link1_proximal_end_center (sensor origin; base welded at bbox center +L1/2 x),5.98
6,C0,1,1%rel(min0.5deg),0,5200.0,3481.9,2331.5,1561.2,1045.4,700.0,5151.1,3515.4,2359.0,1540.8,1041.4,703.8,0.9411,0.9610,1.1782,1.3093,0.3780,0.5479,0.8859,6,18,2.1847,True,link1_proximal_end_center (sensor origin; base welded at bbox center +L1/2 x),5.93
6,C0,1,1%rel(min0.5deg),1,5200.0,3481.9,2331.5,1561.2,1045.4,700.0,5264.5,3387.7,2352.3,1532.7,1071.1,699.1,1.2403,2.7047,0.8922,1.8262,2.4618,0.1335,1.5431,5,15,2.2201,True,link1_proximal_end_center (sensor origin; base welded at bbox center +L1/2 x),5.24
6,C0,1,1%rel(min0.5deg),2,5200.0,3481.9,2331.5,1561.2,1045.4,700.0,5147.8,3459.7,2311.8,1579.5,1063.3,710.7,1.0048,0.6378,0.8466,1.1729,1.7170,1.5222,1.1502,7,21,2.8384,True,link1_proximal_end_center (sensor origin; base welded at bbox center +L1/2 x),6.66
6,C0,1,1%rel(min0.5deg),3,5200.0,3481.9,2331.5,1561.2,1045.4,700.0,5144.1,3527.0,2299.0,1582.1,1052.6,708.8,1.0746,1.2964,1.3926,1.3406,0.6865,1.2612,1.1753,6,18,2.7562,True,link1_proximal_end_center (sensor origin; base welded at bbox center +L1/2 x),6.49
6,C0,1,1%rel(min0.5deg),4,5200.0,3481.9,2331.5,1561.2,1045.4,700.0,5151.2,3458.6,2316.9,1544.1,1076.3,703.1,0.9381,0.6696,0.6258,1.0961,2.9544,0.4369,1.1202,9,27,2.4218,True,link1_proximal_end_center (sensor origin; base welded at bbox center +L1/2 x),9.64
6,C1,5,1%rel(min0.5deg),0,5200.0,3481.9,2331.5,1561.2,1045.4,700.0,4956.9,3659.9,2462.4,1484.7,997.1,737.8,4.6744,5.1123,5.6154,4.9004,4.6206,5.4008,5.0540,6,18,2.2067,True,link1_proximal_end_center (sensor origin; base welded at bbox center +L1/2 x),5.15
6,C1,5,1%rel(min0.5deg),1,5200.0,3481.9,2331.5,1561.2,1045.4,700.0,5472.9,3298.0,2218.1,1484.2,1082.6,736.7,5.2474,5.2822,4.8633,4.9317,3.5610,5.2394,4.8542,6,18,2.4393,True,link1_proximal_end_center (sensor origin; base welded at bbox center +L1/2 x),5.39
6,C1,5,1%rel(min0.5deg),2,5200.0,3481.9,2331.5,1561.2,1045.4,700.0,4893.9,3538.9,2077.7,1811.5,1055.6,777.5,5.8869,1.6370,10.8863,16.0297,0.9761,11.0742,7.7484,5,15,2.6456,True,link1_proximal_end_center (sensor origin; base welded at bbox center +L1/2 x),4.55
6,C1,5,1%rel(min0.5deg),3,5200.0,3481.9,2331.5,1561.2,1045.4,700.0,4962.8,3636.6,2230.9,1632.1,1098.2,735.7,4.5608,4.4416,4.3162,4.5423,5.0500,5.0993,4.6684,5,15,2.8250,True,link1_proximal_end_center (sensor origin; base welded at bbox center +L1/2 x),5.24
6,C1,5,1%rel(min0.5deg),4,5200.0,3481.9,2331.5,1561.2,1045.4,700.0,4979.3,3330.5,2315.6,1438.7,1204.7,724.4,4.2440,4.3470,0.6839,7.8449,15.2398,3.4905,5.9750,8,24,2.9163,True,link1_proximal_end_center (sensor origin; base welded at bbox center +L1/2 x),8.21
6,C2,1,5%rel(min0.5deg),0,5200.0,3481.9,2331.5,1561.2,1045.4,700.0,5149.6,3517.2,2359.1,1536.6,1041.8,705.2,0.9683,1.0147,1.1841,1.5784,0.3418,0.7367,0.9707,14,42,2.9960,True,link1_proximal_end_center (sensor origin; base welded at bbox center +L1/2 x),571.66
6,C2,1,5%rel(min0.5deg),1,5200.0,3481.9,2331.5,1561.2,1045.4,700.0,5251.4,3440.4,2306.2,1552.8,1049.9,704.2,0.9887,1.1920,1.0832,0.5390,0.4289,0.5936,0.8042,14,42,5.7554,False,link1_proximal_end_center (sensor origin; base welded at bbox center +L1/2 x),256.32
6,C2,1,5%rel(min0.5deg),2,5200.0,3481.9,2331.5,1561.2,1045.4,700.0,5151.9,3453.3,2308.7,1601.4,1042.7,714.8,0.9244,0.8216,0.9776,2.5753,0.2609,2.1213,1.2802,14,42,4.2952,False,link1_proximal_end_center (sensor origin; base welded at bbox center +L1/2 x),88.79
6,C2,1,5%rel(min0.5deg),3,5200.0,3481.9,2331.5,1561.2,1045.4,700.0,5147.7,3513.8,2305.9,1592.8,1035.8,715.1,1.0063,0.9153,1.0995,2.0234,0.9139,2.1569,1.3525,13,39,2.5779,True,link1_proximal_end_center (sensor origin; base welded at bbox center +L1/2 x),948.83
6,C2,1,5%rel(min0.5deg),4,5200.0,3481.9,2331.5,1561.2,1045.4,700.0,5152.1,3453.9,2326.2,1526.1,1097.4,695.3,0.9205,0.8052,0.2270,2.2499,4.9694,0.6663,1.6397,8,24,2.6546,True,link1_proximal_end_center (sensor origin; base welded at bbox center +L1/2 x),12.21
6,C3,5,5%rel(min0.5deg),0,5200.0,3481.9,2331.5,1561.2,1045.4,700.0,4953.1,3668.7,2459.6,1473.8,1002.0,737.7,4.7472,5.3638,5.4950,5.6007,4.1471,5.3818,5.1226,14,42,3.3072,False,link1_proximal_end_center (sensor origin; base welded at bbox center +L1/2 x),294.19
6,C3,5,5%rel(min0.5deg),1,5200.0,3481.9,2331.5,1561.2,1045.4,700.0,5465.6,3326.1,2179.1,1517.6,1030.3,752.5,5.1073,4.4758,6.5363,2.7916,1.4450,7.4938,4.6417,14,42,5.3384,False,link1_proximal_end_center (sensor origin; base welded at bbox center +L1/2 x),38.34
6,C3,5,5%rel(min0.5deg),2,5200.0,3481.9,2331.5,1561.2,1045.4,700.0,4936.6,3431.2,2139.6,1849.2,983.3,789.7,5.0656,1.4554,8.2310,18.4454,5.9376,12.8099,8.6575,9,27,2.9381,True,link1_proximal_end_center (sensor origin; base welded at bbox center +L1/2 x),22.81
6,C3,5,5%rel(min0.5deg),3,5200.0,3481.9,2331.5,1561.2,1045.4,700.0,4950.1,3656.4,2218.5,1644.2,1089.1,738.8,4.8052,5.0119,4.8460,5.3153,4.1767,5.5436,4.9498,13,39,2.2992,True,link1_proximal_end_center (sensor origin; base welded at bbox center +L1/2 x),745.01
6,C3,5,5%rel(min0.5deg),4,5200.0,3481.9,2331.5,1561.2,1045.4,700.0,4957.5,3393.3,2212.6,1538.1,1141.3,740.2,4.6630,2.5449,5.0981,1.4821,9.1780,5.7410,4.7845,7,21,2.3608,True,link1_proximal_end_center (sensor origin; base welded at bbox center +L1/2 x),8.20
